folder_name,center_lat,center_lon,pixel_size_m,num_pixels,max_probability,mean_probability,U_10_ms,u10_ms,v10_ms,wind_direction_deg,ime_kg,plume_area_m2,L_m,U_eff_ms,Q_kg_s,Q_kg_hr,Q_uncertainty_kg_hr,Q_relative_uncertainty,qplume_ground_truth
ang20191018t141549_r15184_c353_w151_h151,3487195.857662035,809709.283519726,7.481730376948682,37,0.9999996423721313,0.9539321660995483,6.308234286912721,0.1452478369964706,6.306561890953667,181.31935866273508,0.6421059069832808,2071.1227090341963,45.50958919869741,7.952486505223288,0.11220357401852478,403.93286646668923,199.9365683159013,0.4949747468305833,2609.35937
ang20191018t183859_r1571_c261_w151_h151,3589418.283376554,801959.3758409561,7.481730376948682,33,0.9999619722366333,0.9528521299362183,6.030273313142015,4.598553063374832,3.900962183169522,229.6919885458627,0.5720407072764291,1847.2175513007699,42.97926885488828,7.67089938201232,0.10209728608339437,367.55022990021973,181.92808199238394,0.4949747468305833,411.3709911
ang20191025t182152_r2779_c154_w151_h151,3504340.1461243033,838591.5780987656,0.3872860761977854,51,0.9999997615814209,0.9928382635116577,8.269766356450145,2.4901807672405742,-7.885939090351881,342.4751966058178,0.0024682880612222906,7.649515745650518,2.765775794537677,9.875777139451083,0.00881353537649057,31.728727355366054,16.938505240530493,0.5338539126015656,1228.1415
ang20191021t154726_r9012_c276_w151_h151,3535208.8674660195,645504.0798448096,4.187107985362637,67,0.9999998807907104,0.9632691144943237,2.157728464049946,1.359512486188999,-1.6755649568033903,320.94496882503745,0.3677343044380622,1174.6355098328665,34.27295595411733,3.3711192977801288,0.036170682558181205,130.21445720945235,64.4528679909305,0.4949747468305833,591.839521
ang20191025t165545_r6394_c182_w151_h151,3488850.094579247,812585.0718306797,0.3872860761977854,866,0.9999984502792358,0.9637200236320496,8.38382104058744,2.4516569449802303,-8.0173457867755,342.9966776660877,0.04068327742929921,129.89177717124213,11.39700737787083,9.984591209818195,0.03564145224613012,128.30922808606843,63.50982768792929,0.4949747468305833,1261.149274
ang20191025t193513_r11288_c25_w151_h151,3513016.6259947885,776174.3331199959,0.38205248057349095,65,0.9999997615814209,0.9738098382949829,7.1439479161222685,1.6795950126670294,-6.943698756548396,346.4020463443037,0.0030027343344755917,9.48766636430325,3.0802055717603087,8.784707646547348,0.008563760649761805,30.8295383391425,16.458469666051194,0.5338539126015656,723.1624246
ang20191025t205201_r10416_c273_w151_h151,3522442.522282075,780999.7670396201,0.3872860761977854,56,0.9999997615814209,0.9911813735961914,6.879073787213471,1.4496566432139972,-6.724593057331649,347.8346137674239,0.002705753911180249,8.399468269733903,2.8981836156002787,8.523160435093033,0.007957251072269677,28.646103860170836,15.292834626543012,0.5338539126015656,1206.940638
ang20191021t184841_r1071_c144_w151_h151,3595876.127069885,673517.9049836239,4.129750341727532,40,0.9999998807907104,0.989271342754364,6.103136148382683,5.771037790071356,-1.985797993569269,288.9881971983093,0.21933420757057864,682.1935153999468,26.11883449543541,7.744959226791043,0.06503867907932606,234.13924468557383,115.8930133613459,0.4949747468305833,860.6834599
ang20191021t164905_r7168_c0_w512_h512,3551630.537266301,648783.6464916021,4.187107985362637,69,0.999945878982544,0.9122050404548645,3.3629029092124854,2.548693871395293,-2.193917848667509,310.7218975102359,0.35863544855315943,1209.6992563950416,34.7807311078281,4.807819474565206,0.04957499278775166,178.46997403590598,88.33813021528333,0.4949747468305833,0.0
ang20191018t183859_r12712_c110_w151_h151,3505985.3260404533,806658.3111089114,7.481730376948682,107,1.0,0.9754922389984131,5.639974866624824,3.20920168222651,4.637924218759319,214.681213712213,1.8988693038298647,5989.462969369163,77.39162079559495,7.271071646710071,0.17840193310270214,642.2469591697277,317.89602601774794,0.4949747468305833,1113.298995
ang20191018t190719_r9705_c38_w151_h151,3528165.317328116,800962.2292696568,7.481730376948682,132,0.9999998807907104,0.9872169494628906,5.651839564189398,4.193051388616381,3.7896715572406583,227.8927873887908,2.370685721823414,7388.870205203079,85.95853770977656,7.2833058761324665,0.20086927614470107,723.1293941209238,357.9307887807574,0.4949747468305833,1670.23775
ang20191018t181457_r9197_c354_w151_h151,3531718.16444238,791155.8113898074,7.481730376948682,59,0.9999996423721313,0.9979346394538879,5.631587949454498,3.719702630727228,4.228308783828596,221.33854241157707,1.0711284695966206,3302.601076568043,57.468261471598765,7.2624204096697715,0.1353614161935502,487.30109829678065,241.20173775971418,0.4949747468305833,409.2570451
ang20191021t174954_r6623_c170_w151_h151,3565104.197529923,646618.5175402828,4.129750341727532,17,0.9999996423721313,0.9713872075080872,4.165951444521455,3.643934713881876,-2.019131308032493,298.9911624901385,0.09153185993501393,289.9322440449774,17.027396866373245,5.706213963500507,0.030674117797642935,110.42682407151456,54.65848928810328,0.4949747468305833,548.3475053
ang20191021t153008_r9728_c0_w512_h512,3529948.3044537725,640772.3852999294,4.187107985362637,230,0.9999171495437622,0.886723518371582,1.859306159010143,1.113208428323054,-1.489223417773024,323.22154200037534,1.1620578039390734,4032.3308546501385,63.50063664759699,2.9926602521350354,0.054765501326094104,197.15580477393877,97.58714455416025,0.4949747468305833,0.0
ang20191025t182152_r11770_c188_w151_h151,3500606.8018222647,772162.5275377163,0.3872860761977854,46,0.9999998807907104,0.98806232213974,7.132441647356054,1.7432484375924304,-6.916126714988,345.85296136846483,0.0022155896406244953,6.899563221567134,2.6267019666431772,8.773386679593411,0.007400239877743494,26.64086355987658,14.222329246524584,0.5338539126015656,487.717405
ang20191018t144405_r12032_c0_w512_h512,3509568.9334176434,803117.5151357574,7.481730376948682,83,0.9999998807907104,0.9738736152648926,6.272888576644401,0.6658842292479099,6.237445734291781,186.0935841568766,1.470510628974204,4646.032022968603,68.16180765625721,7.916819582168935,0.17079604757491829,614.8657712697059,304.34302946901397,0.4949747468305833,0.0
ang20191021t180251_r6898_c354_w151_h151,3563993.2366576735,644277.5987594684,4.129750341727532,51,0.9999998807907104,0.9889910817146301,4.056050433094865,3.6566432382231633,-1.7551368448545153,295.64034476121634,0.2795719037085189,869.7967321349321,29.49231649319755,5.585465405176156,0.0529473226283647,190.6103614621129,94.34731540799531,0.4949747468305833,447.1279037
ang20191018t165503_r15616_c0_w512_h512,3482467.228246659,804830.6279179994,7.481730376948682,2800,0.9999994039535522,0.9183234572410583,6.251258319555367,1.659146020950401,6.027061063152973,195.39131220667477,46.777949965594836,156733.61041339865,395.89595907687493,7.894972935849142,0.9328477356374429,3358.2518482947944,1662.2498584030543,0.4949747468305833,0.0
ang20191025t174619_r4703_c464_w151_h151,3495886.454530971,824694.9091873651,0.3872860761977854,77,0.9999998807907104,0.9850086569786072,8.27896928818701,2.490469398119534,-7.895498378935547,342.4932127344552,0.003697241710776783,11.549268870884116,3.3984215263683986,9.884568294051666,0.010753709599068694,38.713354556647296,20.667275799997807,0.5338539126015656,1447.797293
ang20191021t154726_r4608_c0_w512_h512,3553469.273348829,670360.8345942749,4.187107985362637,105,0.9999614953994751,0.9455025792121887,2.377872834622313,2.0268838032961645,-1.243391034860085,301.52701715877595,0.5656707181025415,1840.8466945141938,42.905089377767226,3.6435739591657517,0.048037729971704086,172.9358278981347,85.59886763181655,0.4949747468305833,0.0
ang20191021t170142_r3494_c185_w151_h151,3570287.8446584046,670105.8476927865,4.129750341727532,52,0.9999998807907104,0.9950200319290161,4.379263979998606,3.639590844583782,-2.4354325058467827,303.7884625012912,0.28679142815857916,886.8515700199308,29.780053223927098,5.938784811975657,0.05719239535759224,205.89262328733207,101.91164908593186,0.4949747468305833,409.773439
ang20191018t144405_r2674_c436_w151_h151,3581063.6101825684,800042.8087629701,7.481730376948682,527,1.0,0.9760714173316956,5.366639411131316,1.3383395246365144,5.197082439783266,194.4409038664248,9.357927290455141,29499.50453137896,171.7541980022001,6.987770318268814,0.3807245896832316,1370.6085228596337,678.4166066062869,0.4949747468305833,6957.15116
ang20191021t181927_r7397_c149_w151_h151,3565203.5556845227,639240.718576693,4.129750341727532,319,0.9999998807907104,0.9814091324806213,3.792975786925639,3.644218989092152,-1.051823787401834,286.0996230095626,1.7352888618681606,5440.493285314576,73.75969960157495,5.293717305022738,0.12454129730605011,448.3486703017804,221.9212695744524,0.4949747468305833,1520.12925
ang20191018t141549_r15614_c220_w151_h151,3483909.131517387,808939.1780074167,7.481730376948682,27,0.9999991655349731,0.9747166037559509,6.303594705202459,0.0682030095970461,6.30322572631969,180.6199352957688,0.47877296750454496,1511.3598147006298,38.8762114242197,7.947807043592082,0.09787978365205326,352.3672211473917,174.41287607882637,0.4949747468305833,1054.616383
ang20191021t191828_r3584_c256_w512_h512,3588011.7783916993,655379.2969474625,4.129750341727532,1159,0.9999980926513672,0.9478557705879211,5.459387406098618,5.403580084142952,-0.7786097380086137,278.1993970279658,6.0891495393102035,19766.557108713456,140.59358843387366,7.0842164159712,0.3068194901787692,1104.5501646435691,546.7244381061297,0.4949747468305833,0.0
ang20191021t161810_r8807_c129_w151_h151,3541384.1756417453,642903.72938024,4.187107985362637,264,1.0,0.9739859700202942,2.585974694000831,1.717121248683164,-1.933587271196587,318.3933372039667,1.4651035187786399,4628.414546207116,68.03245215488793,3.896512785702217,0.0839128153179191,302.0861351445087,149.52500826418256,0.4949747468305833,1290.05061
ang20191025t195446_r5631_c208_w151_h151,3516307.0051819133,817462.2456131191,0.38205248057349095,15,0.9999996423721313,0.9799570441246033,7.812755704330979,2.1720905731723645,-7.50474344914548,343.85802224003737,0.0006973128783829053,2.1894614686853653,1.479682894638363,9.436698612567564,0.004447122755696721,16.009641920508194,8.546809978613341,0.5338539126015656,532.6295009
ang20191025t185816_r4864_c0_w512_h512,3508769.814504914,821980.8233220399,0.38205248057349095,40,0.9999992847442627,0.9735185503959656,7.964480402789347,2.3528850582072973,-7.60899993358394,342.81713840807026,0.0018472837946320484,5.838563916494307,2.4163120486589285,9.583025582637578,0.007326275541346492,26.37459194884737,14.08017910516192,0.5338539126015656,0.0
ang20191025t203400_r1012_c227_w151_h151,3523414.2173632123,850835.632197779,0.38205248057349095,21,0.9999996423721313,0.9911277294158936,7.971206401130535,1.9883420691946831,-7.719237482115382,345.5555909980248,0.0009873663782146416,3.0652460561595114,1.750784411673668,9.589499322994302,0.005408061182350455,19.469020256461636,10.393612638431179,0.5338539126015656,849.2291861
ang20191021t163119_r3808_c462_w151_h151,3562781.253923973,672312.8841697166,4.129750341727532,163,0.9999877214431763,0.9713518619537354,3.5127885905893845,2.9837749389934656,-1.8538529595438509,301.8531496104084,0.8775970672006386,2779.9385752547832,52.72512280929067,4.978497575467979,0.08286590222083483,298.3172479950054,147.65950430152412,0.4949747468305833,261.7244065
ang20191025t193513_r5930_c534_w151_h151,3511353.0554234134,815428.5942772774,0.38205248057349095,81,0.9999998807907104,0.980557918548584,7.835319999744851,2.241907470768793,-7.507735370330571,343.3736905135096,0.00376779859605654,11.823091930900972,3.4384723251614187,9.458495892445837,0.010364401447579186,37.31184521128507,19.919074552428523,0.5338539126015656,877.1854341
ang20191021t194835_r9149_c236_w151_h151,3570908.923715273,620013.4277999441,4.129750341727532,46,0.9999997615814209,0.9822989106178284,4.131572184111312,3.7111980379417377,1.8157361690784573,243.9294029610992,0.2504565750792344,784.5225427099388,28.009329565520463,5.668510625316172,0.050687245251475437,182.47408290531158,90.32006298919946,0.4949747468305833,559.311096
ang20191018t181457_r951_c373_w151_h151,3593422.453428207,786983.875148264,7.481730376948682,3161,0.9999980926513672,0.8502122163772583,5.996436053832578,4.529472916137361,3.929519111759266,229.0569083140421,48.89216807668079,176941.05089884042,420.6436150696221,7.6364454629517535,0.8875978660017153,3195.352317606175,1581.618704441634,0.4949747468305833,2460.48204
ang20191018t172239_r5618_c276_w151_h151,3558821.523574339,796575.1097639287,7.481730376948682,38,0.9999994039535522,0.9911150932312012,5.879545501470937,3.205947009912901,4.928585910126521,213.04320051723897,0.6851649846364392,2127.098998467553,46.12048350210081,7.517123643704007,0.11167423918298826,402.02726105875774,198.99334176155142,0.4949747468305833,136.0663253
ang20191018t163108_r12692_c64_w151_h151,3506046.1404745504,806668.9790175101,7.481730376948682,218,0.9999998807907104,0.9887537360191345,6.37444465845751,1.9016073703867065,6.084195436754842,197.3565666241456,3.9213180916693493,12202.831096471753,110.46642520002064,8.01919128795686,0.28466386796788085,1024.789924684371,507.2451335251791,0.4949747468305833,1413.60523
ang20191025t184057_r9464_c310_w151_h151,3503203.088462298,790135.0563141233,0.38205248057349095,90,0.9999997615814209,0.9924907088279724,7.470657458648142,1.988117649095688,-7.2012576039056775,344.5662768582147,0.004237389838657352,13.13676881211219,3.6244680729883925,9.104660331587516,0.010644319220526673,38.31954919389602,20.45704126628956,0.5338539126015656,1729.07647
ang20191021t164905_r10652_c11_w151_h151,3538806.920359702,628318.7332554606,4.187107985362637,533,0.9999996423721313,0.9590104222297668,2.204890986134496,1.4889493983287234,-1.626214607594484,317.5230238388786,2.9124751304405923,9344.48845881967,96.66689432696009,3.42993892406917,0.10334056850418075,372.0260466150507,184.1434982376675,0.4949747468305833,132.4336272
ang20191021t163119_r8833_c523_w151_h151,3541669.48687894,642927.8779781864,4.129750341727532,126,1.0,0.9930505156517029,2.730407779656692,1.866596467236296,-1.992722828621875,316.87181638432963,0.6935420481773698,2148.909573509832,46.35633261497109,4.069665357395402,0.06088669849721793,219.19211458998456,108.49456142643781,0.4949747468305833,758.441015
ang20191021t173221_r8677_c419_w151_h151,3551898.4242130127,637264.6003587919,4.129750341727532,119,0.9999998807907104,0.996220588684082,3.176286486759948,2.6955215897618388,-1.680166421846854,301.93601917547585,0.6571029294832013,2029.5257083148417,45.050257583224116,4.593168975084394,0.06699594965830394,241.18541876989417,119.38069159485657,0.4949747468305833,616.026273
ang20191018t165503_r1966_c129_w151_h151,3585912.8775086524,797213.5694296658,7.481730376948682,237,0.9999997615814209,0.9704596996307373,5.85844407003674,2.824716824188713,5.13247910710739,208.8266755820118,4.184208479070682,13266.380595705528,115.17977511571,7.49553298439006,0.27229496356397304,980.2618688303029,485.2048703519536,0.4949747468305833,645.720722
ang20191021t183204_r7070_c151_w151_h151,3568944.289066829,639327.1037224503,4.129750341727532,135,0.9999998807907104,0.9844362735748291,3.9375016506645455,3.8667439757418456,-0.7431085217181752,280.87843820408034,0.7366350352221658,2302.4031144748205,47.983362892515366,5.454479178242916,0.08373653323515341,301.4515196465523,149.21088961874682,0.4949747468305833,618.750087
ang20191018t183859_r7764_c98_w151_h151,3542998.649862958,803979.8676037437,7.481730376948682,86,0.9999998807907104,0.9787120223045349,5.779744667785142,4.1207446765989255,4.052765936378808,225.47651557498008,1.5312313623310225,4813.960891268673,69.38271320198334,7.41487120018096,0.16364138566200664,589.108988383224,291.5940723806073,0.4949747468305833,628.1892985
ang20191021t161810_r3823_c46_w151_h151,3562749.046064427,672359.5720752301,4.187107985362637,373,0.9999988079071045,0.9702768325805664,3.267968861470058,2.8110196322291814,-1.6666700653578757,300.6639509371845,2.062130553477228,6539.38873384566,80.86648708733216,4.698930449629219,0.11982476793359831,431.3691645609539,213.51684301907838,0.4949747468305833,184.977438
ang20191021t153008_r4804_c289_w151_h151,3550667.5043294225,671749.7299189062,4.187107985362637,342,1.0,0.9876709580421448,1.852805942280156,1.597148900100131,-0.939151345980826,300.45626904582105,1.9246425094822128,5995.900662131945,77.43320129073797,2.984287343560879,0.07417601476091933,267.0336531393096,132.17491485787556,0.4949747468305833,142.216358
ang20191018t174629_r6767_c366_w151_h151,3549821.761331002,793570.1920413442,7.481730376948682,19,0.9999998807907104,0.9469607472419739,5.78924806025442,3.577758024186605,4.551377881864779,218.17026480117403,0.3273203837729543,1063.5494992337765,32.61210663593777,7.424623167617189,0.07451927383053412,268.26938578992286,132.78657131376315,0.4949747468305833,339.0516945
ang20191021t191828_r4300_c359_w151_h151,3586252.370101887,651900.0346018295,4.129750341727532,877,1.0,0.9864930510520935,5.261175842979704,5.227541873981746,-0.593950508477445,276.4821177868421,4.795397121181713,14957.092825143833,122.29919388591175,6.877695482176786,0.2696770114965926,970.8372413877335,480.53991776959526,0.4949747468305833,5238.2024
ang20191018t181457_r14833_c352_w151_h151,3489550.085690791,794089.4540742177,7.481730376948682,40,0.9999998807907104,0.9724943041801453,5.48557385564752,2.5504320500794626,4.856626080283624,207.70597733091464,0.7076760623835674,2239.0515773342663,47.31861766085593,7.111387473888282,0.10635472747058375,382.87701889410147,189.51445549435633,0.4949747468305833,318.7055309
ang20191021t193145_r7745_c179_w151_h151,3575420.7116320333,629854.4459454857,4.072392698092427,38,0.9999998807907104,0.995150625705719,4.195469202576379,4.082812406520579,0.965714597036058,256.69230967874097,0.20382389460686876,630.2065269241077,25.10391457370957,5.738536113839196,0.0465923661678567,167.7325182042841,83.02336073342173,0.4949747468305833,167.2633276
ang20191021t180251_r7753_c178_w151_h151,3561500.3295860197,638508.0627146815,4.129750341727532,95,0.9999997615814209,0.99004727602005,3.66297138818056,3.358851233119254,-1.4613274049311082,293.5122979133969,0.5213272759701004,1620.2095990748735,40.2518272762228,5.14805893696539,0.06667581880753679,240.03294770713242,118.81024752233651,0.4949747468305833,475.1191698
ang20191018t163108_r14851_c525_w151_h151,3490134.2675986886,811247.5884223853,7.481730376948682,359,0.9999998807907104,0.9864299893379211,6.44732683275782,1.692454041612275,6.22122356176253,195.21873833843253,6.442407294847861,20095.487906575043,141.75855496785738,8.092457704467067,0.36777257330485336,1323.981263897472,655.3372909060869,0.4949747468305833,6634.18018
ang20191021t153008_r2518_c8_w151_h151,3561919.5597724114,684242.9980597054,4.187107985362637,157,1.0,0.9689916372299194,1.888512913773064,1.8238615850019109,-0.4899080977509421,285.035338083119,0.8668249250896543,2752.5041051307467,52.46431268139083,3.0302095059431653,0.05006567309756872,180.2364231512474,89.21247791893856,0.4949747468305833,249.5605193
ang20191021t183204_r2919_c133_w151_h151,3586193.04484028,663734.9291943733,4.129750341727532,26,0.9999997615814209,0.998252809047699,5.538244949734576,5.174719342042499,-1.9734327590145504,290.87486761177206,0.14386157504023822,443.4257850099654,21.05767757873516,7.165960620865628,0.04895631903088406,176.2427485111826,87.23570982504877,0.4949747468305833,340.3523231
ang20191021t184841_r2194_c463_w151_h151,3589356.989020802,668211.9595733318,4.129750341727532,33,0.9999998807907104,0.9962130188941956,5.787180634974525,5.510854325345569,-1.7669024609876398,287.7770059081804,0.18222045049070332,562.809650204956,23.72360955261564,7.422501938509059,0.05701205139140037,205.24338500904133,101.59029253350216,0.4949747468305833,500.0167395
ang20191025t173025_r4707_c55_w151_h151,3495897.380756555,824702.3351699717,0.3872860761977854,71,0.9999998807907104,0.976229190826416,8.362552797821328,2.4743100888930165,-7.98812111077139,342.7897010626581,0.0033787591583161877,10.649325841984055,3.2633304831083314,9.96432277765153,0.010316775152157051,37.140390547765385,19.827542809474753,0.5338539126015656,1000.587142
ang20191021t174954_r6967_c133_w151_h151,3563901.785516967,644436.8409943441,4.129750341727532,50,1.0,0.9972236752510071,4.054697635908575,3.553028489054304,-1.9536021792092368,298.8038168617398,0.2763716906487479,852.7418942499335,29.20174471243,5.5839750383171385,0.05284795949959847,190.25265419855447,94.170259345776,0.4949747468305833,1201.022465
ang20191021t174954_r7671_c297_w151_h151,3560027.186542494,640962.0021682952,4.129750341727532,73,0.9999997615814209,0.9908648729324341,3.771775937551544,3.317683471564788,-1.7942324558425091,298.404913299605,0.4009297250289772,1245.0031656049027,35.28460238694639,5.270033763176058,0.059882017781934235,215.57526401496324,106.70431172874258,0.4949747468305833,420.4045085
ang20191025t174619_r5000_c216_w151_h151,3497604.1154885227,822404.0742489845,0.3872860761977854,47,0.9999998807907104,0.9716227054595947,8.235872685295682,2.4480180488226235,-7.863638249629632,342.7081865830746,0.0022260894640641657,7.049553726383811,2.655099569956617,9.843383116068274,0.00825289254435935,29.710413159693662,15.861020310311503,0.5338539126015656,624.9607373
ang20191018t165503_r13209_c119_w151_h151,3501790.551145087,803020.7923831851,7.481730376948682,81,0.9999998807907104,0.9927299618721008,6.251658848895242,2.0439762459118627,5.908079169164733,199.08372202680337,1.4628628118256741,4534.07944410189,67.33557339253814,7.895377609324675,0.17152678306712202,617.4964190416392,305.64513368392716,0.4949747468305833,394.4201454
ang20191018t172239_r9176_c327_w151_h151,3532228.208744363,798818.129515015,7.481730376948682,44,0.9999998807907104,0.9944599270820618,5.973810176814316,2.911382725788443,5.2163453348672135,209.16706202775924,0.7960262623464502,2462.956735067693,49.62818488588609,7.613385556415144,0.12211719735893761,439.6219104921754,217.60174384704186,0.4949747468305833,1141.83896
ang20191025t173025_r3336_c191_w151_h151,3495423.329203245,834886.5021582337,0.3872860761977854,67,0.9999998807907104,0.9951655864715576,8.493389195303282,2.5590508363851243,-8.098698589260568,342.4643509718028,0.003250253509247989,10.049363822717348,3.1700731573131478,10.0888463851389,0.010344022595161324,37.23848134258077,19.879908964077142,0.5338539126015656,2404.08787
ang20191021t174954_r10300_c437_w151_h151,3548344.36763345,626034.6020001997,4.129750341727532,14,0.9999997615814209,0.9891578555107117,2.31605890894044,2.1920715816714407,-0.7476302899902139,288.8325110314932,0.07675816908977852,238.76773038998135,15.452110871657029,3.5676017667161926,0.017722017524278107,63.79926308740119,31.57902409466418,0.4949747468305833,422.6008378
ang20191021t180251_r10725_c23_w151_h151,3550140.885251832,620339.4083072001,4.129750341727532,83,0.9999998807907104,0.9809820055961609,2.080515603335476,2.0743066341405068,-0.160614953485227,274.42761612319737,0.451304918493922,1415.5515444548896,37.62381618675715,3.2742623247697864,0.03927540694630722,141.391465006706,69.98520459569959,0.4949747468305833,234.1626391
ang20191018t183859_r4431_c310_w151_h151,3568046.1700025816,803822.2569912381,7.481730376948682,16,0.9999998807907104,0.9925217628479004,5.905758446828482,4.422074877225886,3.914490594252799,228.48423810519017,0.2888999772949995,895.6206309337066,29.926921507794727,7.54392275706983,0.07282536938071127,262.1713297705606,129.76818757942058,0.4949747468305833,505.1413952
ang20191018t144405_r1980_c150_w151_h151,3586106.3034279896,797539.9514293247,7.481730376948682,34,0.9999998807907104,0.9878392219543457,5.291517025247709,1.3473748872008868,5.117102045281759,194.75161619777623,0.6110161206094227,1903.1938407341265,43.62560991819056,6.909408141244112,0.09677250968151607,348.38103485345783,172.4398145271669,0.4949747468305833,806.1220303
ang20191018t183859_r3359_c292_w151_h151,3576057.167842715,803126.7437955502,7.481730376948682,25,0.9999977350234985,0.9698124527931213,5.950181485845705,4.504983021789792,3.8871310355951088,229.210686082776,0.44107785944449407,1399.4072358339165,37.408651884743406,7.589284944298623,0.08948372607115468,322.1414138561568,159.45186476709736,0.4949747468305833,203.0322176
ang20191021t153008_r2876_c296_w151_h151,3558698.3898557387,683308.1132069449,4.187107985362637,386,1.0,0.9428688287734985,1.8428753327156784,1.753969056625189,-0.5654927411853017,287.8697095594239,2.073720666195384,6767.303086499798,82.26361945902816,2.971484400732713,0.07490587761149586,269.66115940138513,133.47546410474217,0.4949747468305833,364.3403352
ang20191018t144405_r9492_c26_w151_h151,3529838.6713157697,800542.2965933271,7.481730376948682,107,0.9999994039535522,0.9784553647041321,6.056624584306228,0.905705613646141,5.98852224648389,188.6002504444725,1.9046372571844274,5989.462969369163,77.39162079559495,7.697704107087795,0.18944342922942775,681.9963452259399,337.57096831759264,0.4949747468305833,1360.791585
ang20191021t161810_r3990_c214_w151_h151,3561045.1909637554,672064.3779595783,4.187107985362637,290,0.9999998807907104,0.9576534032821655,3.221702786420793,2.7565146698636016,-1.6676317695637324,301.17303122366206,1.582406502619876,5084.243251515392,71.30387963859604,4.645634810899332,0.10309793479435286,371.1525652596703,183.71114702492687,0.4949747468305833,634.7449654
ang20191018t181457_r4349_c389_w151_h151,3568007.9043841846,788881.3265676643,7.481730376948682,147,1.0,0.9878935813903809,5.817394467013802,4.301536290990926,3.916486170297404,227.68259473352003,2.641891524461861,8228.514546703429,90.71115998984595,7.453487028008324,0.21707697497403652,781.4771099065315,386.8114346298813,0.4949747468305833,5128.65293
ang20191018t183859_r16730_c458_w151_h151,3476105.7977823457,811364.0646163689,7.481730376948682,45,0.9999998807907104,0.9903025031089783,5.778656307800994,2.387630746489556,5.262327255322112,204.40481484214828,0.8107143358632496,2518.9330245010497,50.18897313654713,7.41375416798788,0.11975612193143179,431.1220389531544,213.39452208392245,0.4949747468305833,286.9225995
ang20191021t174954_r8450_c592_w151_h151,3555070.2320842193,637585.8185330967,4.129750341727532,45,0.9999991655349731,0.9770060181617737,3.332834020086379,2.9703829994544075,-1.5114917935593866,296.9694576951114,0.24369167422276677,767.4677048249401,27.703207482617245,4.773397899981239,0.041989265203596235,151.16135473294645,74.82105328950816,0.4949747468305833,438.3862109
ang20191018t165503_r1960_c173_w151_h151,3585980.787527249,797539.6265249329,7.481730376948682,311,0.9999998807907104,0.975100040435791,5.860370378099528,2.8215450540710654,5.13642136865284,208.7809245739866,5.516924482898919,17408.626013773923,131.9417523522176,7.497504597433409,0.31349565953777,1128.584374335972,558.6207649638999,0.4949747468305833,1543.93022
ang20191021t184841_r5112_c321_w151_h151,3578143.878573722,650415.4782351125,4.129750341727532,95,0.9999997615814209,0.9769629240036011,4.750245610235577,4.6594802281565375,-0.924163059736036,281.21847118877304,0.5144375378125938,1620.2095990748735,40.2518272762228,6.3379606920582034,0.08100215850576876,291.60777062076755,144.33848243684523,0.4949747468305833,1093.54635
ang20191021t194835_r7213_c218_w151_h151,3579010.282481797,631357.416469546,4.129750341727532,34,0.9999994039535522,0.9992726445198059,4.496834824961536,4.3743625209911885,1.04234158409538,256.5972554288111,0.18831887462720032,579.8644880899548,24.08037558033418,6.065997648722843,0.047438705716519224,170.7793405794692,84.53146086721672,0.4949747468305833,374.1700315
ang20191021t154726_r8306_c43_w151_h151,3539558.261415817,648750.2294900769,4.187107985362637,46,1.0,0.9982239007949829,2.1671527132902697,1.4568905200469315,-1.6043755468464234,317.7582511650956,0.26163600954532396,806.4661709300277,28.39834803170825,3.382893315497393,0.031166837831413385,112.2006161930882,55.53647159440927,0.4949747468305833,318.5989068
ang20191018t183859_r2048_c0_w512_h512,3584460.4094610987,801697.0807047973,7.481730376948682,479,0.9999998807907104,0.9347102046012878,6.006385773490656,4.581364188185114,3.8842981650751134,229.70713851869573,8.145167011403247,26812.64263857784,163.74566448788144,7.646580535449715,0.38036228758894947,1369.3042353202181,677.7710172116704,0.4949747468305833,0.0
ang20191025t185816_r3392_c513_w151_h151,3506973.3966667866,834151.1195353972,0.38205248057349095,24,0.9999591112136841,0.9380171895027161,8.115745985907253,2.422327970937601,-7.745815651626561,342.6341117573743,0.0010679514125960757,3.5031383498965845,1.871667264739271,9.72835579450711,0.005550885837835265,19.983189016206953,10.668103642558712,0.5338539126015656,421.1495752
ang20191018t190719_r1941_c33_w151_h151,3586250.85610698,796862.9011516517,7.481730376948682,365,1.0,0.9604778289794922,6.341614610411902,5.238183306192686,3.5745645214087225,235.6901617967051,6.37775226018666,20431.34564317518,142.93825815076656,7.9861334991602995,0.3563327385779316,1282.7978588805536,634.9525454342163,0.4949747468305833,3814.11079
ang20191021t193145_r2048_c0_w512_h512,3597882.286167895,661945.2773194147,4.072392698092427,19,0.9999867677688599,0.9711023569107056,6.155411371294805,6.062039134418195,-1.0680686694439083,279.9923696781947,0.09944919291047248,315.10326346205386,17.751148229397835,7.797984276168058,0.04368749742673832,157.27499073625793,77.8471487224616,0.4949747468305833,0.0
ang20191025t182152_r10313_c122_w151_h151,3501658.8083000584,782903.9905745042,0.3872860761977854,70,0.9999997615814209,0.9863648414611816,7.357233989610745,1.828510819213052,-7.126390402013102,345.60931745642307,0.00336575698005416,10.499335337167379,3.2402677878791715,8.993905995486744,0.009342222268016223,33.632000164858404,17.954574876626157,0.5338539126015656,793.4888057
ang20191025t191752_r5843_c383_w151_h151,3509541.4763453836,816261.9568702333,0.38205248057349095,211,0.9999998807907104,0.9676907062530518,7.871016471065511,2.290341046123944,-7.53042085014008,343.0831151035177,0.009686088766315515,30.798424659507468,5.549632840063158,9.49295333754159,0.016568589550308436,59.64692238111037,31.842742887797662,0.5338539126015656,1334.360614
ang20191021t163119_r8232_c64_w151_h151,3546858.6005102843,644576.9572973805,4.129750341727532,66,0.9999998807907104,0.9752184748649597,2.926151379908336,2.095011315237313,-2.0428630612860665,314.2779585801061,0.3567605437084448,1125.619300409912,33.55025037775295,4.301442492900807,0.04573989598347313,164.66362554050326,81.50433636411657,0.4949747468305833,211.9347998
ang20191018t141549_r19200_c0_w512_h512,3455712.007975675,810610.1803932416,7.481730376948682,216,0.9999998807907104,0.9366217851638794,6.237136479501948,-0.446318204523085,6.221147122858071,175.8965105249598,3.6804885783642804,12090.878517605039,109.9585308996307,7.880701664563376,0.2637797379486387,949.6070566150993,470.03151243659414,0.4949747468305833,0.0
ang20191018t163108_r16896_c0_w512_h512,3473306.922634165,809830.4525979431,7.481730376948682,637,0.9999990463256836,0.9242565035820007,6.375590567480806,1.313779437257353,6.2387609887212365,191.89178932032212,10.710738885518616,35656.89636904819,188.83033752299494,8.020344530188156,0.4549259253655776,1637.7333313160793,810.6366410441841,0.4949747468305833,0.0
ang20191021t194835_r10970_c92_w151_h151,3564237.945182506,608678.6774676535,4.129750341727532,64,1.0,0.9922568202018738,3.901692054327448,3.071710259291443,2.4057840654900087,231.93171475834183,0.3519938008383634,1091.5096246399148,33.03800273382026,5.4147583602078475,0.05768996967482465,207.68389082936872,102.79828128405728,0.4949747468305833,242.5983112
ang20191025t171141_r4818_c323_w151_h151,3491460.099908771,824024.2428205453,0.3872860761977854,96,0.9999996423721313,0.9868301749229431,8.482182250834912,2.511446087200324,-8.101854990523156,342.7773958494392,0.004618072961411078,14.399088462400975,3.7946130846768784,10.078195271402963,0.012265240235066066,44.154864846237835,23.572247358557394,0.5338539126015656,1599.07748
ang20191021t153008_r8433_c459_w151_h151,3534455.9217635784,650760.8080647273,4.187107985362637,72,1.0,0.9967128038406372,1.8667836282777088,1.2503240910624622,-1.3862073373469477,317.9503361896309,0.40889728372965084,1262.2948762383044,35.528789400123166,3.002284719823342,0.034552994561490594,124.39078042136613,61.570295047124375,0.4949747468305833,172.0523694
ang20191021t173221_r7936_c0_w512_h512,3555624.8109925343,639586.3089644113,4.129750341727532,175,1.0,0.985289990901947,3.4821065679254124,2.9425330694865126,-1.8618714470573887,302.3233555224506,0.9557253086069067,2984.596629874767,54.631461904975296,4.94367982134926,0.08648496229390615,311.34586425806214,154.10834033788345,0.4949747468305833,0.0
ang20191021t190136_r7840_c242_w151_h151,3569748.747974281,632075.5084670095,4.129750341727532,52,0.9999998807907104,0.9814134836196899,3.7892266459536903,3.743249567800647,0.5884906520631656,261.06544073423566,0.28286962219297235,886.8515700199308,29.780053223927098,5.289530860165557,0.05024328145897748,180.87581325231892,89.52895987234243,0.4949747468305833,465.61021
ang20191021t163119_r10841_c319_w151_h151,3534580.1187154027,630242.4363129614,4.129750341727532,2456,0.9999998807907104,0.9505364894866943,2.099080819722159,1.2636212188664668,-1.6761269948771411,322.98759766337406,12.939816816916261,41886.68184555673,204.66236059802677,3.2976155121364212,0.2084923702383906,750.5725328582062,371.51444942948024,0.4949747468305833,1693.0906
ang20191018t183859_r8656_c395_w151_h151,3536480.3289119853,806668.6123350456,7.481730376948682,50,0.9999997615814209,0.975734531879425,5.750578215796248,3.9339999622143886,4.194376486831809,223.16526996664177,0.8875424954096549,2798.814471667833,52.90382284549797,7.3849218023815215,0.12389335160206921,446.01606576744916,220.76668923561593,0.4949747468305833,503.7234468
ang20191018t144405_r9715_c45_w151_h151,3528180.1857392183,800801.1171728263,7.481730376948682,166,0.9999998807907104,0.969754695892334,6.079332410460854,0.887971554015715,6.014132445842766,188.39889739676397,2.9285826851565204,9292.064045937206,96.3953528233452,7.720783984143411,0.23456477547453103,844.4331917083117,417.973105281163,0.4949747468305833,2874.24106
ang20191025t184057_r3486_c136_w151_h151,3506755.457426211,833648.1729014723,0.38205248057349095,159,0.9999998807907104,0.9837495684623718,8.153746921636644,2.4301293148082053,-7.783190886481511,342.6601798263506,0.007420122946760881,23.20829156806487,4.817498476187083,9.76478018199448,0.015040143729498374,54.14451742619415,28.905262473897395,0.5338539126015656,1123.98215
ang20191021t164905_r9972_c178_w151_h151,3540655.5255325558,633084.2510368668,4.187107985362637,206,1.0,0.9408062696456909,2.476838812593854,1.709710964317824,-1.7920990268572627,316.3477651800053,1.1042799298496835,3611.5658959040375,60.09630517680798,3.7643923725707373,0.06917135642331171,249.01688312392216,123.25706868080432,0.4949747468305833,208.7964798
ang20191021t180251_r10173_c407_w151_h151,3550155.7158684153,625180.8703232456,4.129750341727532,75,0.999994158744812,0.9418062567710876,2.343236872385692,2.300210249007256,-0.4469808166687465,280.99676538611686,0.3915198379207028,1279.1128413749002,35.7646870722351,3.6010540772992963,0.03942112245635808,141.9160408428891,70.24485638740775,0.4949747468305833,251.0404753
ang20191021t160052_r3543_c486_w151_h151,3559042.136424073,676905.6015533162,4.187107985362637,105,1.0,0.9907594919204712,2.824888466315993,2.508419860701689,-1.2991630573420871,297.3805829623067,0.5927468008724817,1840.8466945141938,42.905089377767226,4.18193938355663,0.05777475882220918,207.98913175995304,102.94936783639558,0.4949747468305833,2245.08818
ang20191025t185816_r5823_c32_w151_h151,3509551.1149718966,816245.3729796262,0.38205248057349095,243,1.0,0.9854257702827454,7.891513640096717,2.3179011059465378,-7.543429060770993,342.9191577209582,0.01135950930915068,35.469275792702916,5.95560876759907,9.51272491868101,0.018144221940339034,65.31919898522052,34.870909946260184,0.5338539126015656,1335.926438
ang20191021t183204_r6003_c519_w151_h151,3571180.307424905,647139.9055132519,4.129750341727532,63,0.9999998807907104,0.9849066138267517,4.338651951621931,4.195684517250947,-1.1045959392526652,284.74954525565045,0.34392723540908215,1074.454786754916,32.77887714298518,5.894684140926117,0.06184905026962889,222.656580970664,110.20938479611769,0.4949747468305833,426.6583267
ang20191018t190719_r17183_c16_w151_h151,3472205.427751126,804709.9230313033,7.481730376948682,38,0.9999998807907104,0.9911364316940308,5.39686996148732,2.299601600690498,4.882421311122775,205.22025467100272,0.685179790119325,2127.098998467553,46.12048350210081,7.019242589641959,0.10427998145657842,375.4079332436823,185.81744671548415,0.4949747468305833,1879.74354
ang20191025t203400_r11520_c0_w512_h512,3519673.4702442177,772902.2027187569,0.38205248057349095,355,0.9999997615814209,0.9692478179931641,6.880891745052857,1.4038856131702124,-6.736154421646689,348.2274712618473,0.016322721518848927,51.817254758886975,7.198420296071005,8.524962344753149,0.0193307115434798,69.59056155652728,37.15119356709218,0.5338539126015656,0.0
ang20191025t185816_r13056_c0_w512_h512,3505640.0405840566,762261.1793364608,0.38205248057349095,37,0.9999996423721313,0.9818800687789917,6.894547837925471,1.6973570181566018,-6.682347569706121,345.74793050727715,0.0017234139541440624,5.400671622757234,2.3239345134399194,8.538494845531499,0.006332089428111406,22.79552194120106,12.16947857810502,0.5338539126015656,0.0
ang20191025t205201_r11171_c318_w151_h151,3521817.577659473,775437.8517023753,0.3872860761977854,90,0.9999995231628418,0.9835965633392334,6.8077590601574265,1.366869401660878,-6.669126738933573,348.4173602362199,0.004315256829119442,13.499145433500916,3.6741183205635766,8.452399790805362,0.009927354738571882,35.73847705885878,19.07912580829305,0.5338539126015656,882.4096429
ang20191018t153724_r18176_c0_w512_h512,3463234.1645016707,798546.5369418866,7.481730376948682,14,0.999993085861206,0.9942310452461243,6.187376826780309,0.146647363946897,6.185638733972862,181.3580976420395,0.25322280213953624,783.6680520669933,27.994071730761018,7.830363842935324,0.07083023481365806,254.98884532916904,126.2130391614282,0.4949747468305833,0.0
ang20191021t184841_r8215_c417_w151_h151,3564763.0653703287,632510.7669552313,4.129750341727532,106,0.9999996423721313,0.981932520866394,3.518509911030536,3.504839150710253,0.309862101052611,264.9476283159273,0.5769238736221636,1807.8128158098589,42.518382093041346,4.984983350077068,0.06764029491938588,243.50506170978915,120.52885627176845,0.4949747468305833,160.2014379
ang20191025t163632_r4943_c530_w151_h151,3484408.56493791,823322.54882867,0.3872860761977854,33,0.9999996423721313,0.9456399083137512,8.442706579045892,2.565551013272585,-8.043459602569083,342.3093382191894,0.0015212019645213471,4.949686658950336,2.224789126850079,10.040655023666194,0.0068653086994844,24.71511131814384,13.194258877574326,0.5338539126015656,1394.328419
ang20191018t174629_r7608_c507_w151_h151,3543603.3935549725,795065.104982635,7.481730376948682,59,0.9999997615814209,0.9906514286994934,5.809326659720544,3.503064183797312,4.634308747109576,217.085557429792,1.063311025567996,3302.601076568043,57.468261471598765,7.445216433120651,0.1377557023364914,495.92052841136905,245.46813799850648,0.4949747468305833,930.0301656
ang20191025t171141_r10528_c126_w151_h151,3490704.4985494474,781751.8551020145,0.3872860761977854,78,0.9999997615814209,0.9828123450279236,7.67900187012654,1.9476572552637812,-7.427900170130536,345.3073317037447,0.0037369072462610496,11.699259375700793,3.4204180118372656,9.307231318171612,0.010168423869578789,36.60632593048364,19.542430323956836,0.5338539126015656,1366.02378
ang20191021t183204_r8292_c93_w151_h151,3564239.812042933,631880.350856158,4.129750341727532,63,1.0,0.9853112697601318,3.3515637489243635,3.346971552227817,-0.1753881172760827,272.9996717244744,0.3440685159128017,1074.454786754916,32.77887714298518,4.794846149056847,0.0503298386744543,181.18741922803548,89.68319696128363,0.4949747468305833,620.4178735
ang20191021t163119_r7802_c11_w151_h151,3548946.9815773284,646894.1752583878,4.129750341727532,95,1.0,0.980086088180542,3.014438258715843,2.210032343549829,-2.0500231842770598,312.84896186823295,0.5160820538951056,1620.2095990748735,40.2518272762228,4.404958322088607,0.05647743449223986,203.3187641720635,100.6376538219742,0.4949747468305833,326.4491361
ang20191021t171902_r10628_c423_w151_h151,3540939.5613829466,627062.1129725894,4.187107985362637,69,0.9999998807907104,0.9334331154823303,2.1472665385115843,1.7529832656917497,-1.2400819560078318,305.27605866177294,0.3669813251567587,1209.6992563950416,34.7807311078281,3.3580368240243916,0.035431595724228535,127.55374460722273,63.13588244425295,0.4949747468305833,157.6880506
ang20191021t154726_r10373_c98_w151_h151,3530574.61966429,636620.2533177908,4.187107985362637,92,0.9999998807907104,0.9543336629867554,1.990810198315397,1.0861916905649325,-1.6683863033075657,326.93413102036675,0.5002645321392143,1612.9323418600554,40.16132893543309,3.1608258948148173,0.039372429383131326,141.74074577927277,70.15808975767361,0.4949747468305833,286.7248957
ang20191018t160154_r4393_c66_w151_h151,3567055.7697499543,786112.6929852455,7.481730376948682,434,0.9999998807907104,0.9614792466163635,5.779943756743437,2.07687420261858,5.393917257208797,201.05870433420677,7.591316517850278,24293.70961407679,155.86439495303856,7.415075529469958,0.36114845449425925,1300.1344361793333,643.5337133935886,0.4949747468305833,1962.85894
ang20191018t153724_r16912_c149_w151_h151,3474021.564785839,797559.1406895523,7.481730376948682,104,0.9999998807907104,0.9855290651321411,6.219571511960994,0.4256680987621677,6.204988030777574,183.92439665511512,1.864619560989836,5821.534101069093,76.29897837500246,7.862941810015715,0.19215716144744063,691.7657812107863,342.4065924208696,0.4949747468305833,985.1069164
ang20191021t153008_r4646_c236_w151_h151,3551645.997317045,672472.6231635651,4.187107985362637,106,0.9999998807907104,0.9751308560371399,1.854986979837784,1.6166301152132283,-0.909661346850226,299.3660157038195,0.5889527268900167,1858.3785677952812,43.108915177666915,2.987097385044527,0.04080963631669899,146.91469074011636,72.71906185478254,0.4949747468305833,240.219188
ang20191025t184057_r10465_c469_w151_h151,3501661.544628254,782898.5170592224,0.38205248057349095,54,0.9999996423721313,0.9950175881385803,7.325313824707708,1.8904652874447383,-7.077172007759904,345.0442520093792,0.002548906406272134,7.882061287267314,2.8075008971089064,8.962675591734289,0.008137137643174272,29.293695515427377,15.63855396546984,0.5338539126015656,1203.282211
ang20191018t181457_r4453_c18_w151_h151,3567035.7070367886,786160.0146473367,7.481730376948682,128,0.9999998807907104,0.9853529930114746,5.809863195980058,4.340545712443237,3.861887268447157,228.33974580219035,2.2945063285016607,7164.965047469653,84.64611655279676,7.445766526708865,0.20183274923691513,726.5978972528944,359.6476102403856,0.4949747468305833,1508.04763
ang20191021t174954_r10250_c171_w151_h151,3550119.695145758,625230.9831452442,4.129750341727532,174,0.9999998807907104,0.9445031881332397,2.3446995141818583,2.226057491504793,-0.7363992506243009,288.3046661450364,0.9109271149102848,2967.5417919897686,54.47514838887333,3.602852179259857,0.06024647638723563,216.88731499404827,107.35374382994401,0.4949747468305833,513.1729013
ang20191025t185816_r9590_c99_w151_h151,3507623.493572128,788809.5570566551,0.38205248057349095,45,0.9999995231628418,0.9749258160591125,7.405734206507711,1.966613493387925,-7.1398410700143,344.6001968454213,0.002081198773329727,6.568384406056095,2.5628859526042307,9.041306373673955,0.007342018366079913,26.431266117887688,14.110434832047535,0.5338539126015656,546.6312757
ang20191018t190719_r2696_c420_w151_h151,3580804.6178374263,800153.3268401069,7.481730376948682,500,0.9999998807907104,0.9088101983070374,6.237644577353601,5.102897188757716,3.5872900850582723,234.89313214977287,8.266671312631868,27988.144716678333,167.2965771218238,7.881215250883668,0.38943663489130526,1401.9718856086988,693.9406791427612,0.4949747468305833,5525.95692
ang20191018t153724_r7214_c341_w151_h151,3546679.835303679,793921.8958041475,7.481730376948682,38,0.9999996423721313,0.9490761160850525,6.006521537262825,1.7039607352213575,5.759758570498078,196.48026743403696,0.6561031005941624,2127.098998467553,46.12048350210081,7.64671880512607,0.10878107809052728,391.6118811258982,193.83799171613995,0.4949747468305833,341.4535813
ang20191021t161810_r10821_c7_w151_h151,3533680.8769698683,630349.56502048,4.187107985362637,1305,1.0,0.9761857986450195,2.041033347717982,1.1344018249696448,-1.6967467772188085,326.2343177973975,7.258630483756512,22879.094631819265,151.25837045208198,3.224458335266913,0.15473624035494846,557.0504652778144,275.7259130227448,0.4949747468305833,1157.27169
ang20191018t163108_r9758_c111_w151_h151,3528022.126557512,805485.6291404872,7.481730376948682,324,0.9999998807907104,0.972907543182373,6.28045561015526,2.191391952951744,5.885739034281847,200.42142144999596,5.734612377247287,18136.31777640756,134.67114678507627,7.9244587570368,0.3374419863195579,1214.7911507504084,601.2909422947164,0.4949747468305833,3015.94963
ang20191025t184057_r3384_c231_w151_h151,3506101.8771968773,834428.047438705,0.38205248057349095,151,0.9999997615814209,0.9802011847496033,8.164980785846875,2.4396964733726976,-7.791969734993937,342.6144558228968,0.00702136609475607,22.04057878476601,4.694739479967553,9.77554147841785,0.014620120197791913,52.632432712050885,28.098030133066995,0.5338539126015656,1251.24631
ang20191021t161810_r3297_c150_w151_h151,3564329.5646327036,675940.4113253686,4.187107985362637,73,0.9999992847442627,0.9729697108268738,3.284274516464301,2.882168050422891,-1.5746639097338615,298.64985443450064,0.40470063002107,1279.8267495193918,35.774666308987314,4.717677503515998,0.05336868949157778,192.12728216968003,95.09815285118542,0.4949747468305833,286.3345671
ang20191025t195446_r6606_c89_w151_h151,3516802.0134901954,810309.0356543153,0.38205248057349095,55,1.0,0.9915051460266113,7.723070277698957,2.1445716206710963,-7.419341418083494,343.8779839114767,0.0025869440774628355,8.028025385179673,2.833377028420269,9.349936870603898,0.00853672616437703,30.73221419175731,16.406512789179,0.5338539126015656,705.5377254
ang20191018t141549_r12667_c106_w151_h151,3505898.1491532037,806544.468283515,7.481730376948682,192,0.9999998807907104,0.9716711044311523,6.175597146510062,0.3496538541384293,6.16569073975247,183.24574428859637,3.3939697024662348,10747.447571204479,103.66989713125251,7.818435459174404,0.2559617960798204,921.4624658873535,456.10065076647777,0.4949747468305833,2252.378
ang20191018t160154_r9472_c0_w512_h512,3527768.9914826322,789716.9799638703,7.481730376948682,104,0.9999998807907104,0.9546484351158142,6.137311142436571,1.7503459171175129,5.882421034702136,196.57065566281543,1.8061936000969163,5821.534101069093,76.29897837500246,7.7796346524315405,0.18416401660389328,662.9904597740158,328.1635349777355,0.4949747468305833,0.0
ang20191025t195446_r12489_c497_w151_h151,3511580.080540669,767577.8689297728,0.38205248057349095,21,0.9999998807907104,0.9992885589599609,6.994963884907924,1.5670096218972789,-6.817184213151902,347.05476104644214,0.0009954961263538785,3.0652460561595114,1.750784411673668,8.637838311588926,0.0049114754060654,17.681311461835442,9.439237303827758,0.5338539126015656,424.7374623
ang20191021t171902_r3493_c509_w151_h151,3570300.3132051043,670088.1480621451,4.187107985362637,40,0.9999998807907104,0.9891103506088257,4.562992540214071,3.857130030672431,-2.4379189585657177,302.29514503639894,0.22543243723534914,701.2749312435024,26.48159608564979,6.1372878951056595,0.05224548262626845,188.08373745456643,93.09670032952391,0.4949747468305833,470.2772666
ang20191018t141549_r3900_c244_w151_h151,3571562.6773182377,802990.2845356734,7.481730376948682,245,1.0,0.8954952359199524,5.194682077022494,0.9662130642485102,5.104033130360171,190.719464826935,3.9913224215852896,13714.190911172382,117.10760398527664,6.808067730195659,0.23203611426135534,835.3300113408792,413.46726088343996,0.4949747468305833,5656.60821
ang20191025t191752_r9839_c105_w151_h151,3510041.4134108424,787024.923848215,0.38205248057349095,239,0.9999994039535522,0.9681348204612732,7.350311563857447,1.889626105709974,-7.1032663800814815,345.1030654469324,0.010976481007099371,34.88541940105348,5.9063880164660265,8.987135461148057,0.016701767886313792,60.126364390729655,32.09869488049847,0.5338539126015656,581.875064
ang20191018t163108_r2256_c265_w151_h151,3584230.6365725556,802712.9676233241,7.481730376948682,288,1.0,0.9693314433097839,5.83856464484764,2.4698536214547966,5.290431003297508,205.02566005620287,5.07869617469594,16121.171356806719,126.96917482919514,7.475178430639716,0.29900296786153563,1076.4106843015284,532.7961059478839,0.4949747468305833,1391.15118
ang20191021t184841_r7107_c486_w151_h151,3568931.8740133606,639330.5870773306,4.129750341727532,64,0.9999998807907104,0.9798256158828735,3.975660836943643,3.9694675261670302,-0.2218257178796556,273.1985327216233,0.347583943095651,1091.5096246399148,33.03800273382026,5.496726790401945,0.05782958453392216,208.1865043221198,103.04706227038538,0.4949747468305833,697.876519
ang20191021t154726_r10118_c446_w151_h151,3529561.3583472455,639602.218427141,4.187107985362637,1766,0.9999958276748657,0.8407989740371704,2.0838589380936474,1.169198267815302,-1.7249473859832596,325.8699220571566,8.460471214612879,30961.28821440063,175.95820019084258,3.27847097266558,0.1576363548962043,567.4908776263355,280.89365348176096,0.4949747468305833,97.34891891
ang20191021t183204_r9164_c171_w151_h151,3560178.633956874,627059.5071879486,4.129750341727532,64,0.9999998807907104,0.9866607785224915,2.98432868312201,2.976601201153332,0.2146228743570836,265.8759201995535,0.350008673323844,1091.5096246399148,33.03800273382026,4.3697240463266755,0.04629339517187111,166.656222618736,82.49062159845018,0.4949747468305833,284.4057792
ang20191021t173221_r10496_c0_w512_h512,3545052.650117712,624487.6984840764,4.129750341727532,13,0.9999973773956299,0.9992240071296692,2.1189781204611817,1.8989696444917024,-0.940203469623602,296.34058364207283,0.07200077121032025,221.7128925049827,14.890026611963549,3.3225985184194964,0.016066435741374674,57.83916866894883,28.62892786880435,0.4949747468305833,0.0
ang20191021t173221_r8662_c163_w151_h151,3553470.231516172,636295.852692093,4.129750341727532,78,0.9999996423721313,0.9780614972114563,3.188042386203975,2.720590874642858,-1.6619264571704546,301.41949257315554,0.4228552773704428,1330.2773550298962,36.47296745577327,4.606763939477511,0.053409266623836785,192.27335984581242,95.17045761194665,0.4949747468305833,484.2249269
ang20191018t153724_r7632_c466_w151_h151,3543617.868700249,795075.798646454,7.481730376948682,23,0.9999998807907104,0.9847583770751953,6.050012153626467,1.6818206809206275,5.81155110588005,196.14005934366205,0.4120453126750836,1287.4546569672032,35.88111839069684,7.690980085325491,0.08832033214598575,317.9531957255487,157.37880255822836,0.4949747468305833,680.284936
ang20191025t191752_r5942_c143_w151_h151,3511253.2520946963,815448.5547101285,0.38205248057349095,61,0.9999997615814209,0.9625612497329712,7.854112231575836,2.2708832752690165,-7.51865467329712,343.193941023552,0.0027854002835052587,8.903809972653818,2.983925262578441,9.476639749520983,0.008846144833461307,31.846121400460706,17.001176510820397,0.5338539126015656,739.7784463
ang20191018t183859_r15671_c209_w151_h151,3483898.6800368167,808947.0729597958,7.481730376948682,66,0.9999997615814209,0.98862224817276,5.713664735878057,2.56981904014693,5.103135782527717,206.728749289316,1.1870302208456691,3694.4351026015397,60.78186491546257,7.346973813190186,0.14348161182859495,516.5338025829418,255.67118816293012,0.4949747468305833,590.8576923
ang20191025t195446_r7025_c79_w151_h151,3516714.833456873,807250.7069715557,0.38205248057349095,25,0.9999998807907104,0.9990395903587341,7.681843724664757,2.1260422429854238,-7.38177941902986,343.93295605619863,0.0011848193070890388,3.649102447808942,1.9102624028674549,9.309986761578926,0.005774417193839017,20.78790189782046,11.097702762928963,0.5338539126015656,352.1523414
ang20191025t195446_r7552_c210_w151_h151,3515558.5023755245,803458.9281633565,0.38205248057349095,156,0.9999998807907104,0.9755033850669861,7.615546581904589,2.0690142058684,-7.329101579120964,344.23556289850063,0.007219095418694969,22.770399274327797,4.771833952929188,9.245652200279238,0.013987336127006552,50.35441005722359,26.881898825792437,0.5338539126015656,1683.57049
ang20191021t171902_r10143_c365_w151_h151,3543317.1377313994,629719.4685222437,4.187107985362637,38,0.9999998807907104,0.9915893077850342,2.396286504385953,1.9502468205981345,-1.3923815388926697,305.5249939745786,0.21469755810548755,666.2111846813273,25.81106709691266,3.6661284954159967,0.03049501334878588,109.78204805562916,54.33934144287797,0.4949747468305833,1051.85605
ang20191025t173025_r6296_c170_w151_h151,3494432.1494474,813004.3878213693,0.3872860761977854,34,0.9999998807907104,0.9928478002548218,8.214989597804884,2.393144884308034,-7.858683837307156,343.0633355090827,0.001645541006281128,5.099677163767012,2.2582464798526782,9.823410742624722,0.007158131471807308,25.76927329850631,13.757027375306645,0.5338539126015656,1239.505329
ang20191021t183204_r8179_c85_w151_h151,3564753.6569892997,632513.7749566576,4.129750341727532,76,0.9999991655349731,0.9907131195068359,3.402641691791033,3.395111998079809,-0.22624102901346,273.81239855197884,0.41734238735494217,1296.167679259899,36.00232880328575,4.853216487777022,0.05625894275967996,202.53219393484784,100.2483214179439,0.4949747468305833,162.93391
ang20191025t184057_r7188_c55_w151_h151,3505931.5887870286,806629.6629256173,0.38205248057349095,224,1.0,0.988465428352356,7.803915909309329,2.260853780592616,-7.469246528422484,343.1595484812634,0.0105036172274785,32.69595793236812,5.7180379442924405,9.42815587274177,0.017318832336034307,62.34779640972351,33.28461505541674,0.5338539126015656,1431.85098
ang20191021t163119_r10989_c389_w151_h151,3533556.0630345056,629658.6304184878,4.129750341727532,1036,1.0,0.9711245894432068,2.055056901108055,1.2161396746365054,-1.656581769357268,323.71664125234787,5.576550856108362,17668.81204885862,132.92408378039934,3.2421699047731813,0.1360184313023469,489.6663526884488,242.37247895342006,0.4949747468305833,666.3625412
ang20191018t165503_r11460_c337_w151_h151,3514990.149408942,803736.7790610215,7.481730376948682,68,0.999998927116394,0.9406676888465881,6.274091288700252,2.297498027242256,5.838298066539797,201.48072321447344,1.163677416044479,3806.387681468253,61.6959292131033,7.918033883579551,0.14934595081582072,537.6454229369546,266.120907102841,0.4949747468305833,651.667186
ang20191025t191752_r11520_c0_w512_h512,3508783.664074217,773486.8959657568,0.38205248057349095,35,0.9999994039535522,0.9889055490493774,7.103127195776613,1.738896897784962,-6.886991617408516,345.82955805031577,0.0016419211359572652,5.108743426932518,2.2602529564038885,8.74452779393436,0.006352308916640106,22.868312099904383,12.208337889127678,0.5338539126015656,0.0
ang20191025t193513_r11161_c353_w151_h151,3510674.0281018047,777225.4757752949,0.38205248057349095,36,0.9999996423721313,0.9700427651405334,7.161633220996949,1.7277200814228435,-6.950106021661495,346.0398691889588,0.0016566196180095398,5.254707524844877,2.292314883440946,8.802101033217077,0.006361138845567812,22.90009984404412,12.225307900709455,0.5338539126015656,417.8620633
ang20191018t174629_r3845_c306_w151_h151,3571651.987079261,791592.5750966247,7.481730376948682,81,0.9999995231628418,0.9882693886756897,5.75097220219886,3.762877885687969,4.349072462935568,220.86681451929545,1.4562899594040783,4534.07944410189,67.33557339253814,7.385326567082634,0.15972503662907067,575.0101318646545,284.61549444472763,0.4949747468305833,417.3849804
ang20191021t184841_r5835_c175_w151_h151,3576019.1617056094,645548.3568034696,4.129750341727532,71,0.9999998807907104,0.9871950745582581,4.494837035934848,4.441085280849871,-0.6930523124773436,278.86973666281364,0.3885010855483472,1210.8934898349055,34.797894905222435,6.063841621651726,0.0676997576727375,243.71912762185502,120.63481349239831,0.4949747468305833,810.877251
ang20191025t185816_r10288_c294_w151_h151,3505935.2717979643,783795.6403589785,0.38205248057349095,67,0.9999998807907104,0.9806610941886902,7.30847979353445,1.904304776011823,-7.056025808665946,344.89664772833976,0.0031169021805837784,9.779594560127965,3.1272343308629695,8.946194368563958,0.008916636805918069,32.09989250130505,17.136653205911355,0.5338539126015656,247.6053426
ang20191018t165503_r2879_c215_w151_h151,3579127.050600063,798334.6556960461,7.481730376948682,41,0.9999985694885254,0.9454818367958069,5.890779246193267,2.8079759572494067,5.178469962343182,208.46834088446371,0.7052198184365067,2295.027866767623,47.906449114577704,7.528611514771552,0.11082695845037249,398.97705042134095,197.4835645235161,0.4949747468305833,421.2905777
ang20191025t182152_r2787_c361_w151_h151,3502807.3471143562,838612.627448081,0.3872860761977854,36,0.9999998807907104,0.9927206039428711,8.275659850741926,2.506960256398272,-7.886805198432466,342.3662227982478,0.0017421143286065388,5.399658173400366,2.323716457186712,9.881407159648965,0.007408193433574544,26.669496360868358,14.237614979362787,0.5338539126015656,1092.334891
ang20191021t183204_r8165_c369_w151_h151,3563136.4713939214,633769.1945797727,4.129750341727532,45,0.9999997615814209,0.9633302688598633,3.4057326830063674,3.39530989957904,-0.2662438617476839,274.4836843321132,0.24028058561982443,767.4677048249401,27.703207482617245,4.856743132932412,0.04212440328139978,151.6478518130392,75.06185705856089,0.4949747468305833,312.205718
ang20191018t165503_r2660_c460_w151_h151,3580893.727073119,800053.1046302738,7.481730376948682,1223,1.0,0.974777340888977,5.8974078614015975,2.793517644232326,5.193811572928309,208.2738091342165,21.68799270372438,68459.00197699519,261.64671214635047,7.535388024803074,0.6246110992988477,2248.5999574758516,1113.00019467487,0.4949747468305833,4484.84115
ang20191025t191752_r8652_c211_w151_h151,3509722.1701712897,795718.6461927578,0.38205248057349095,108,0.9999998807907104,0.984839916229248,7.523002239523145,2.042212109324232,-7.2405063632593905,344.2486943445452,0.005045669241517489,15.764122574534628,3.970405845066047,9.155659693591554,0.01163519103699785,41.88668773319226,22.36137213228469,0.5338539126015656,1605.61609
ang20191021t154726_r3595_c76_w151_h151,3559086.3934073905,677059.2886023053,4.187107985362637,286,1.0,0.9806423783302307,2.425048835159432,2.192345869921331,-1.0365719654452357,295.3054430757178,1.5980425853772449,5014.115758391042,70.81042125556831,3.7012897127147277,0.0835303402643113,300.7092249515207,148.84347248999987,0.4949747468305833,856.45668
ang20191021t183204_r7413_c7_w151_h151,3568377.0815391354,636709.4417846655,4.129750341727532,109,0.9999998807907104,0.981412947177887,3.766208846258964,3.723050429864156,-0.5685284252591061,278.68227992727867,0.5929379639329133,1858.9773294648548,43.11585937291352,5.26381004416813,0.07238897369814301,260.60030531331483,128.9905701464307,0.4949747468305833,573.289711
ang20191021t184841_r8326_c425_w151_h151,3564257.479924646,631889.1386441696,4.129750341727532,109,1.0,0.9889851212501526,3.477187192360882,3.458352982548844,0.3614213867690579,264.03385888249034,0.5975127604871248,1858.9773294648548,43.11585937291352,4.938091651088876,0.06843358376463587,246.36090155268914,121.94242487499656,0.4949747468305833,212.5168815
ang20191025t171141_r8873_c372_w151_h151,3489527.5518004876,794077.3433888985,0.3872860761977854,36,0.9999998807907104,0.9963415861129761,7.96432005582354,2.1390653988236843,-7.671687765488658,344.4201518344555,0.001748468827749274,5.399658173400366,2.323716457186712,9.58287123612995,0.0072105835395226405,25.958100742281506,13.857833644972585,0.5338539126015656,612.9497041
ang20191025t191752_r5281_c191_w151_h151,3511155.868995378,820285.5803232472,0.38205248057349095,33,0.9999997615814209,0.9482352137565613,7.9134698257977,2.2921552837031687,-7.574234538169671,343.1628549775484,0.0014844289699068218,4.816815231107803,2.194724408919672,9.53389247845964,0.00644836596954266,23.214117490353576,12.392947449817692,0.5338539126015656,364.3955031
ang20191021t180251_r1280_c0_w512_h512,3587477.0526970737,675631.7736812814,4.129750341727532,46,0.9999861717224121,0.9852856993675232,5.632001686075978,4.981414241719595,-2.627728133646222,297.8119358989181,0.2512181746905581,784.5225427099388,28.009329565520463,7.262847245899522,0.06514112463503093,234.50804868611132,116.07556202814206,0.4949747468305833,0.0
ang20191018t183859_r11284_c292_w151_h151,3516764.454605397,807272.8942037167,7.481730376948682,29,0.9999998807907104,0.9987226724624634,5.677097601418476,3.5099844363879424,4.4620002725622765,218.189978564456,0.5269026012940369,1623.3123935673432,40.290351122413206,7.309333500302857,0.09558881289800356,344.1197264328128,170.3305744704911,0.4949747468305833,738.2170964
ang20191021t191828_r9920_c548_w151_h151,3561928.4710795097,619534.3890963062,4.129750341727532,30,0.9999998807907104,0.9909526109695435,3.595913177387553,3.1481103992279627,1.7378125599679066,241.10052653578003,0.1647802236278781,511.64513654996006,22.619574190288375,5.0725232572683945,0.036952575219084724,133.02927078870502,65.84612962969638,0.4949747468305833,455.638767
ang20191018t165503_r9679_c77_w151_h151,3528179.0860864865,800859.7570649777,7.481730376948682,307,0.9999998807907104,0.9738418459892273,6.182392610773204,2.464403564128116,5.669981787171433,203.4917162475317,5.438940232301414,17184.720856040494,131.09050635358952,7.82531726234827,0.324672122128418,1168.8196396623048,578.5362052324629,0.4949747468305833,2226.685
ang20191021t180251_r9355_c302_w151_h151,3554153.130593431,629571.7244174087,4.129750341727532,18,0.9999996423721313,0.976525604724884,2.7711422295323604,2.6576481949511592,-0.7849428821069889,286.4546341964103,0.09742874086175439,306.98708192997606,17.521046827458,4.118164992386111,0.022899752156381077,82.43910776297187,40.805276493916175,0.4949747468305833,151.486168
ang20191021t154726_r2551_c317_w151_h151,3562016.5999525916,684311.303186713,4.187107985362637,64,0.9999998807907104,0.9913520812988281,2.4352989801831315,2.291414326334284,-0.8246826710626345,289.79386274892363,0.36150938863196175,1122.0398899896038,33.496863882901096,3.713800057894185,0.04008057569580431,144.2900725048955,71.41994210827716,0.4949747468305833,257.5252167
ang20191021t184841_r7454_c343_w151_h151,3568342.249589581,636693.4633110119,4.129750341727532,72,0.9999997615814209,0.992717444896698,3.825382930034348,3.825155916977748,-0.0416745990778653,270.6242057117427,0.39617683460476133,1227.9483277199042,35.042093654916,5.329870064595297,0.0602581304599022,216.92926965564791,107.37451032794766,0.4949747468305833,703.211675
ang20191025t185816_r3570_c516_w151_h151,3506883.521338434,832854.6464753788,0.38205248057349095,73,0.9999972581863403,0.9797613024711609,8.101801419380068,2.42055309851206,-7.73175975676641,342.6164224062108,0.003392911726583012,10.65537914760211,3.26425782492776,9.714981198534552,0.010097876883475292,36.35235678051105,19.406847899563875,0.5338539126015656,304.6713533
ang20191025t165545_r6573_c24_w151_h151,3489948.3680236423,811201.0959489043,0.3872860761977854,584,0.9999998807907104,0.970447301864624,8.3638322709021,2.427385802934693,-8.003842103608395,343.1286261792277,0.02762688494841061,87.59445481293928,9.359190927261784,9.965542394485858,0.02941674075469669,105.90026671690809,56.53527173237074,0.5338539126015656,5637.00737
ang20191021t153008_r8243_c183_w151_h151,3536901.899819631,650741.3301461961,4.187107985362637,66,1.0,0.9947938919067383,1.8530897843291056,1.2649339332501706,-1.3542096932518035,316.95222002865,0.37410086492924477,1157.103636551779,34.01622607744397,2.9846530821367416,0.032824373197633434,118.16774351148037,58.4900489281363,0.4949747468305833,388.489958
ang20191018t183859_r9782_c161_w151_h151,3527933.4778961204,805506.9808476088,7.481730376948682,333,0.9999998807907104,0.9881399273872375,5.698536548291566,3.7714044959875768,4.271981615112528,221.4388115739952,5.986185093005423,18640.104381307767,136.52876759609225,7.331407501500389,0.32144992640720144,1157.219735065925,572.7945453916109,0.4949747468305833,2057.38385
ang20191025t161146_r3244_c377_w151_h151,3484428.7127406187,836234.5076276672,0.3872860761977854,130,0.9999998807907104,0.9845454692840576,8.5196445441186,2.554763817993832,-8.127578052064429,342.55035983751714,0.006239162218969527,19.498765626167987,4.415740665637871,10.11378855063129,0.014290143419604566,51.44451631057644,27.46385631429629,0.5338539126015656,2788.64876
ang20191021t181927_r10749_c356_w151_h151,3550139.768332243,620325.8337997422,4.129750341727532,29,0.9999997615814209,0.9828950762748718,2.246976383465618,2.207737005091287,0.4180911194976313,259.2765758834114,0.15799237500456034,494.5902986649614,22.239386202522798,3.4822143061851953,0.024738241581804387,89.0576696944958,44.081297510354766,0.4949747468305833,115.3017395
ang20191018t174629_r4306_c191_w151_h151,3568142.744416883,790973.359111246,7.481730376948682,68,0.9999996423721313,0.9729437232017517,5.748602392932734,3.745557462809063,4.360874770596754,220.65929757999783,1.203605358071886,3806.387681468253,61.6959292131033,7.382891843208517,0.14403038083530023,518.5093710070809,256.64904464351486,0.4949747468305833,1088.475383
ang20191021t181927_r6019_c105_w151_h151,3571153.859023053,647186.3084842744,4.129750341727532,72,0.9999998807907104,0.983195960521698,4.363476329822183,4.106772246429893,-1.4745668505943168,289.751049851498,0.3923769791039761,1227.9483277199042,35.042093654916,5.921650735107855,0.06630652408020424,238.70348668873527,118.15219789133425,0.4949747468305833,360.2570155
